게시물	상품번호	브랜드	상품명	한마디	제목(여기를 채우세요)
# baseball_raglan				야구 유니폼에서 내려온 래글런 소매	
baseball_raglan	4949255	한국야구위원회	MSS x KBO 볼파크 반소매 티셔츠 화이트 [서울 LG 트윈스]	핏이 딱 맞아요, 스타일도 예뻐요.	구단 그대로 입는다
baseball_raglan	4797780	프리덤	올림피아 베이스볼 져지_2color	사이즈가 잘 맞고 디자인이 예뻐요.	져지를 일상으로
baseball_raglan	2402788	무신사 스탠다드	엑스트라 오버사이즈 래글런 티셔츠 [더스티 베이지]	배송이 빠르고 좋아요.	래글런의 기본값
baseball_raglan	6103285	마인드브릿지	[ON]그래픽 오버핏 래글런 반팔 티셔츠 - 2color	색감이 예쁘고 다양한 스타일로 코디하기 좋아요.	그래픽까지 얹은 쪽
baseball_raglan	5879464	고스트리퍼블릭	럭비 카라 래글런 트랙 타슬란 반팔티 GT-377_아이보리	소재가 얇고 시원해서 여름에 입기 좋아요.	카라가 붙으면
baseball_raglan	5078025	엔조 블루스	래글런 스트라이프 티셔츠 (Purple)	색감이 예쁘고 질이 좋아요.	줄무늬랑 같이
baseball_raglan	5024221	슈퍼서브	98 캘리포니아 래글런 반팔 티셔츠-크림	원단이 가볍고 시원해서 여름에 입기 좋아요.	98년식 크림
baseball_raglan	4988326	루나키후	WXK019 도트 래글런 배색 반팔 니트 (WHITE)	도트 무늬가 귀여워요, 핏도 예쁘고 착용감이 부드러워요.	도트로 가볍게
baseball_raglan	4949285	한국야구위원회	MSS x KBO 볼파크 반소매 티셔츠 차콜그레이 [대전 한화 이글스]	사이즈가 넉넉하고 편안해요.	넉넉하게 입는 구단
# running				달릴 때 입는 땀 빨리 마르는 반팔	
running	6265405	데상트	러닝 퀵드라이 반팔 티셔츠 SQ123XTS39	착용감이 가벼워서 운동할 때 부담 없이 입기 좋아요.	달리기용 정석
running	6250843	디써지	씨닉스 티셔츠	소재가 부드럽고 시원해서 러닝할 때 적합해요.	부드러운 쪽
running	5089619	안다르	에어리핏 페더 숏슬리브	에어리핏 소프트 숏슬리브의 핏이 여유로워요.	여유 있는 러닝핏
running	4793770	리액티파이	SUB3 T-Shirt Black	소재가 가볍고 통기성이 좋아 땀이 빨리 마르네요.	통기성으로 고른다
running	3393488	꼼파뇨	Sunset Running 피그먼트 반팔티 다크블루		러닝인데 피그먼트
running	3112551	몰든	에어리즈 로고 반팔 티셔츠		로고 하나면 끝
running	6202285	아웃스탠딩	[LOONEY TUNES] HALF SLEEVE TEE(RUNNING)_	프린팅이 예쁘고 디자인이 귀여워요.	달리다 눈에 띄게
running	6164499	드릭스	[2PACK] 에어 스트레치 와플 오버핏 하프 슬리브_5color	재질이 부드럽고 시원해서 운동할 때 입기 좋아요.	와플로 통풍을
running	6089021	나이키	ACG 솔라 체이스 드라이 핏 ADV 트레일 러닝 탑 M - 블랙:서밋 	착용감이 정말 좋아요.	산길까지 가는 쪽
# blokecore				경기장 밖에서 입는 축구 저지 티	
blokecore	6546210	나이키	대한민국 에너지 드라이 핏 반팔 축구 탑 M - 글로벌 블루:블랙:화이트	색상이 쨍하고 이뻐요.	국대 유니폼 그대로
blokecore	6425833	아디다스	와플 반팔 저지 - 블랙 / KW7467	사이즈가 오버핏으로 나와서 편안하게 입을 수 있어요.	저지인데 와플
blokecore	6308718	드릭스	럭비 스트라이프 메쉬 저지 하프 슬리브_블랙	핏이 예쁘게 떨어져서 체형 보완이 잘 돼요.	럭비 줄무늬
blokecore	6290676	뉴에라	오라클 레드불 레이싱 스포츠 저지 아이보리	핏이 적당하고 사이즈가 좋아요.	축구 말고 레이싱
blokecore	5070969	본투윈	08 RUGBY JERSEY T-SHIRTS [CHARCOAL]	차콜 컬러가 세련된 색감이에요.	차콜로 눌러서
blokecore	4897478	오드스튜디오	ODSD 스포티 컬러블록 오버핏 티셔츠 - DUSTY BLUE	스포티한 디자인이 예뻐요, 색감도 빈티지하고 마음에 들어요.	배색으로 스포티
blokecore	4771342	페르메논	오버핏 럭비 저지 숏 슬리브 - 라이트그레이	핏이 오버핏이라 어깨가 넓어 보이는 효과가 있어요.	어깨가 넓어 보인다
blokecore	4447089	젠지	Gen.G X Descente 2024 Worlds Official Pl		e스포츠 쪽 저지
blokecore	4211625	하이타이드 프랭키	FRANKIE FC JERSEY TSHIRT WHITE	화이트 색감이 청량하고 깔끔해요.	흰 저지의 청량함
# dog_print				말티즈든 시바든 강아지 박힌 티	
dog_print	6191242	소이렌	토스트 퍼피 티 (3 Color)	디자인이 귀여워서 주변 친구들로부터 칭찬받았어요.	칭찬 듣는 강아지
dog_print	5957517	썬번프로젝트	HEART DOG OVERFIT T-SHIRT, MELANGE GRAY	프린팅이 유니크하고 귀여워요.	하트 문 강아지
dog_print	5231079	마하그리드	STRANGE PUPPY TEE GREY(MG2FMMT506A)	디자인이 귀여워요.	이상한 강아지
dog_print	4852463	엘엠씨	FLYING PUPPY TEE black	뒷면 강아지 프린팅이 귀여워요.	등에 붙은 강아지
dog_print	4117824	와이케이	말티즈 크루 라인 그래픽 반팔티셔츠 멜란지화이트	디자인과 프린팅이 매우 귀여워요.	말티즈 라인으로
dog_print	4117817	와이케이	말티즈 아카이브 라인 그래픽 링거 반팔티셔츠 아이보리	프린팅이 귀엽고 디자인이 잘 나와요, 핏감도 좋아요.	말티즈에 링거까지
dog_print	4091307	앨빈클로	[SET] 러버퍼피 오버핏 반팔티 스트링 포인트 우븐 반바지 셋업	색감이 이쁘고 시원해요, 착용감도 좋고 편해요.	위아래 한 세트
dog_print	4077474	와이케이	말티즈 구름 메쉬 져지 반팔티셔츠 스카이블루	메쉬 소재라 시원하고 착용감이 편해요.	메쉬라 시원한 말티즈
dog_print	3809451	우즈	dog be dug 오버핏 반팔 티셔츠 (DS006) 화이트	프린팅이 귀여워요, 오버핏 스타일이 편해요.	오버핏으로 크게
# cat_print				고양이 그림 하나로 밀고 가는 티	
cat_print	4924664	밀로 아카이브	커스텀 프레임 캣 티셔츠 [오렌지]	색감이 쨍하고 예뻐요, 핏도 딱 맞아요.	액자 속 고양이
cat_print	4891258	페이지시시	하트어택 캣 프린팅 반팔티 화이트	프린팅이 귀여워요, 디자인이 심플하고 휘뚤마뚤 코디하기 좋아요.	심플한 쪽
cat_print	4038377	라이크더모스트	우먼 캣츠포에버 레귤러 반팔 티셔츠_블랙	프린팅이 귀여워요, 핏도 딱 맞아요.	딱 맞는 검정
cat_print	6110349	꼼파뇨	캣 스티치 피그먼트 반팔티 고스트그레이	고스트그레이 색감이 자연스럽고 자수가 귀여워요.	자수로 넣은 고양이
cat_print	5863549	탑텐	공용 [마인드어데이 커버캣] 코튼 크루넥 T 반팔 _MSG2TS3008	고양이 프린팅이 귀여워요.	무난하게 한 장
cat_print	5223339	꼼파뇨	캣 스티치 피그먼트 반팔티 브라운	고양이 자수가 귀엽고 예뻐요.	같은 자수 브라운
cat_print	5138702	드리프트아웃	뮤탈리카 락앤롤 캣 반팔 티셔츠 (3color)	프린팅이 예쁘고 핏이 좋아요, 디자인이 귀여워서 만족스러워요.	락앤롤 고양이
cat_print	5129660	라이크더모스트	파티캣 오버핏 반팔 티셔츠 3colors	오버핏 핏이 편하고 착용감이 좋네요.	오버핏 파티
cat_print	4209546	오리지널데이	종이봉투 고양이 그래픽 티셔츠 오버핏 남녀공용 White	프린팅이 귀엽고 깔끔해요.	봉투 속 고양이
# tropical				서핑도 안 하면서 입는 야자수 티	
tropical	2589149	셀피쉬	S223TS12 서핑 토토 반팔 티셔츠 (LIGHT GREY)		서핑 그림 한 장
tropical	5056931	커버낫	쿨 코튼 서핑 모션 그래픽 티셔츠 New Black	소재가 시원하고 부드러워 여름에 적합해요.	검정에 서핑을
tropical	4921541	마리떼 프랑소와 저버	SURFING DOODLE BEAR TEE navy	서핑도oodle 베어 디자인이 귀여워요.	서핑하는 곰
tropical	4921388	아웃스탠딩	V.S.C TEE(SURFER CREW)_WHITE	원단이 탄탄해요, 핏도 적당해요.	탄탄한 흰 서퍼
tropical	4347925	스플래시코드	반팔 티셔츠 화이트 - 디노 파라다이스(Dino Paradise)	디자인이 귀여워서 많은 사람들이 좋아해요.	공룡이 있는 낙원
tropical	3950047	커버낫	선셋 보트 티셔츠 라이트 블루	핏이 예뻐요, 착용감도 편해요.	노을과 보트
tropical	3397161	밴웍스	[SET] 서핑시리즈 오버핏 반팔 6종 (VMIX004)		여섯 장 중에 골라
tropical	3375228	원헌드레드퍼센트	OHP X GOODD 서핑하는 백곰 세미오버 반팔티P	사이즈가 넉넉해서 여름에 편하게 입어요.	백곰도 서핑한다
tropical	3365001	꼼파뇨	Blice Tropical 반팔티 화이트	핏이 너무 맘에 들어요.	야자수는 흰 티에
# campus_daily				개강해서 매일 입을 3만원 아래 무지	
campus_daily	6008676	탑텐	공용 코튼 베이직 반팔 티 3PACK_MSG5TS3001	재질이 좋고 신축성이 뛰어나요.	세 장부터 시작
campus_daily	5941967	비긴202	솔리드 크롭 티셔츠 [멜란지 그레이]	크롭 기장이 적당해요, 핏도 잘 빠져요.	크롭으로 한 장
campus_daily	4841332	글리머	[3PACK] 에어쿨링 소프트 기능성 쿨 무지 반팔 티셔츠	소프트한 재질이 찰랑찰랑해요, 땀 흡수와 빠른 건조가 뛰어나요.	땀 빨리 마르는 3팩
campus_daily	4644008	디터민드	무지 오버핏	메쉬 소재라 시원해요, 통기성도 좋아요.	메쉬라 통풍된다
campus_daily	4143804	해리슨	스탠다드 무지 라운드 반팔 티셔츠 HA-1030 HAR1002 화이트	핏이 예쁘고, 기장이 적당해요.	기장이 적당한 기본
campus_daily	4018221	콜릿	WOMEN 드레이프 셔링 소프트 무지 반팔티 [커스터드]		셔링으로 여성 라인
campus_daily	3789059	더블유스탠다드	올시즌 베이직 반팔 티셔츠 [5 COLOR]	소재가 얇지만 변형 없어 세탁 후에도 편해요.	세탁해도 그대로
campus_daily	3231233	드마크	루즈핏 무지 크롭 반팔 티셔츠 블랙		루즈한 검정 크롭
campus_daily	2082059	몰든	베이직 세미 오버핏 로고 티셔츠		로고 하나 있는 기본
# date_neat				오버핏 말고 딱 맞는 단정한 무지	
date_neat	4841332	글리머	[3PACK] 에어쿨링 소프트 기능성 쿨 무지 반팔 티셔츠	소프트한 재질이 찰랑찰랑해요, 땀 흡수와 빠른 건조가 뛰어나요.	단정한 쪽 3팩
date_neat	4143804	해리슨	스탠다드 무지 라운드 반팔 티셔츠 HA-1030 HAR1002 화이트	핏이 예쁘고, 기장이 적당해요.	기본을 정핏으로
date_neat	3789059	더블유스탠다드	올시즌 베이직 반팔 티셔츠 [5 COLOR]	소재가 얇지만 변형 없어 세탁 후에도 편해요.	얇아도 안 변한다
date_neat	5449070	무신사 스탠다드 스포츠	[2팩] 베이직 스포츠 숏슬리브 우먼 (3color)	가볍고 통풍이 잘 돼서 운동할 때 편해요.	가볍게 두 장
date_neat	5087318	브라이튼	에센셜 티셔츠 화이트	핏이 예쁘고 탄탄한 소재라 몸에 잘 맞아요.	탄탄해서 몸에 붙는다
date_neat	5086744	요세미티	OG 에센셜 반팔티 와인 YT-303	색감이 톤다운된 빨간색이라 여기저기 잘 어울려요.	톤다운된 빨강
date_neat	5086696	요세미티	OG 에센셜 반팔티 화이트 YT-303	핏이 딱 맞아요, 뒷면 프린팅이 힙해요.	뒤에 프린팅 하나
date_neat	4840624	글리머	[2PACK] 에어쿨링 드라이 기능성 쿨 무지 반팔 티셔츠	원단이 가볍고 땀을 잘 흡수해요.	땀 잘 먹는 두 장
date_neat	4333937	유나이티드 애슬	[3PACK] 베이직 무지 반팔 티셔츠	재질이 보들보들하니 착용감이 편해요, 사이즈도 적당해요.	보들보들한 3팩
# quiet_detail				무지인데 목이 다른 꾸안꾸 티	
quiet_detail	6425833	아디다스	와플 반팔 저지 - 블랙 / KW7467	사이즈가 오버핏으로 나와서 편안하게 입을 수 있어요.	저지인데 조용하다
quiet_detail	6381371	블레이어	더블 레이어링 리브드 헨리넥 반팔 티셔츠 [M.GREY]	핏이 예뻐서 자주 입고 싶어져요.	헨리넥에 레이어까지
quiet_detail	6275043	다미쉬	고딕 크로스 헨리넥 숏슬리브_블랙	핏이 예쁘고 몸매를 자연스럽게 슬림해 보여요.	슬림해 보이는 헨리넥
quiet_detail	6032964	데상트	스위스 트라이애슬론 폴로 반팔 티셔츠 블랙 SR223IPS51	원단이 가볍고 통기성이 좋아서 여름에도 쾌적하게 입을 수 있어요.	폴로로 한 단계
quiet_detail	6016437	카미드	카미드 글로리 헨리넥 머슬핏 골지 반팔티셔츠 [그레이]	핏이 예술이에요.	골지에 헨리넥
quiet_detail	5849276	리메인세컨드	클래식 헨리넥 워셔블 반팔 니트 [그레이]	핏이 깔끔하게 떨어져서 체형 보정 효과가 있어요.	니트로 짠 헨리넥
quiet_detail	5838012	무신사 스탠다드	와플 헨리 넥 티셔츠 [브라운]	재질이 쫀쫀하고 탄탄해서 여름에도 시원하게 착용할 수 있어요.	와플 조직의 기본
# ringer				목이랑 소매 끝만 색이 다른 링거	
ringer	6723164	고스트리퍼블릭	크롭 링거 반팔티 4Color GT-394	디자인이 세련되고 링거 배색 덕분에 밋밋하지 않아요.	밋밋하지 않은 크롭
ringer	6489139	요세미티	스트라이프 배색 롤업 링거 크롭 반팔티 3Color YT-3Y27	디자인이 세련되고 배색 포인트가 매력적이에요.	줄무늬까지 얹은 링거
ringer	6262851	메인부스	Sun Trace T-shirt(TEAL GREEN)	사이즈가 딱 맞고 재질이 시원해요.	시원한 초록
ringer	6180797	룰루레몬	코튼 링거 베이비 티 *테니스 듀스  WHT CLBL	원단이 부드럽고 피부에 자극 없이 착용감이 좋아요.	테니스 쪽 링거
ringer	6140524	펜필드	보스톤 레터링 빈티지 그래픽 링거 반팔티 브라운_FS2KT72U	핏이 예쁘고 널찍하면서도 봉긋한 라인이 잘 잡혀요.	빈티지 레터링
ringer	5254991	탄산마그네슘	이자반X탄산 링거 티셔츠 스카이 블루 (우먼)	물고기 모양이 귀여워요, 색감도 시원하고 예뻐요.	물고기가 있는 링거
ringer	5105020	소버먼트	460G 피그먼트 링거 티셔츠-아이보리-	색감이 예쁘고 스타일이 좋네요.	460g 두꺼운 쪽
ringer	5071723	주앙옴므	라이브 가든샵 링거 하프 슬리브 (차콜)	색감이 깔끔하고 차콜톤이 빈티지하게 잘 나와요.	차콜로 차분하게
ringer	5039557	해비즘	DOUBLE LACE S/S TEE(NAVY)	레이스 디테일이 귀여워요, 핏도 적당해요.	레이스 달린 링거
# stripe				두 색 말고 세 색으로 가는 줄무늬 티	
stripe	6489140	요세미티	스트라이프 레이어드 헨리넥 크롭 반팔티 3Color YT-3Y29	원단이 부드럽고 두께감이 있어 흐물거리지 않아요.	흐물거리지 않는다
stripe	6489139	요세미티	스트라이프 배색 롤업 링거 크롭 반팔티 3Color YT-3Y27	디자인이 세련되고 배색 포인트가 매력적이에요.	롤업까지 들어간 줄
stripe	6333282	어글리쉐도우	스트라이프 프릴 오프숄더(네이비)	프릴 디테일이 귀엽고 마감이 깔끔해요.	줄무늬에 프릴
stripe	6308718	드릭스	럭비 스트라이프 메쉬 저지 하프 슬리브_블랙	핏이 예쁘게 떨어져서 체형 보완이 잘 돼요.	럭비식 굵은 줄
stripe	6239050	247시리즈	USA 코튼 32수/2 멀티 스트라이프 티셔츠 WHITE	패턴이 이쁘고 흰색이라 캐주얼하게 입기 좋아요.	흰 바탕에 여러 줄
stripe	5888153	무신사 스탠다드	프로스트 다이드 더블 스트라이프 티셔츠 [토프]	소매와 밑단의 퍼커링이 빈티지한 느낌을 줘요.	두 줄로 얇게
stripe	5223183	드로우핏	헤일 코튼 크롭 하프 스트라이프 티셔츠 [CHARCOAL]	크롭한 기장이 딱 맞아요, 핏감도 좋아요.	크롭 기장 줄무늬
stripe	5054255	노드유	헨리넥 스트라이프 반팔 니트 [버건디]	색감이 이쁘고 핏이 예뻐요.	니트로 짠 줄무늬
# washed				새 옷인데 3년 입은 척하는 워시드	
washed	6564196	트래블	팔레트 피그먼트 반팔티 고스트 그레이	디자인이 예쁘고 퀄리티가 좋아요.	물 빠진 회색
washed	6400820	퍼머넌트 아카이브	세인트 오노레 워시드 반팔 티셔츠 (2컬러)	색감이 진짜 흔하지 않아서 보자마자 마음에 들었어요.	흔하지 않은 색
washed	6314845	고스트리퍼블릭	[SET] 빈티지 그래픽 피그먼트 반팔티 4종 택2	피그먼트 원단 덕분에 부드럽고 착용감이 좋아요.	네 장 중 두 장
washed	6262851	메인부스	Sun Trace T-shirt(TEAL GREEN)	사이즈가 딱 맞고 재질이 시원해요.	바랜 초록
washed	6152111	모즈모즈	[SET] 그래픽 피그먼트 크롭&오버핏 반팔티셔츠 VOL.03	기장이 딱 원한 타입이에요, 색감도 예쁘고요.	크롭과 오버핏 한 쌍
washed	6140524	펜필드	보스톤 레터링 빈티지 그래픽 링거 반팔티 브라운_FS2KT72U	빈티지한 프린팅과 워싱이 잘 어울려요.	워싱까지 들어간 링거
washed	6022582	빈트릴	빈티지 해시태그 오버핏 반팔티(오프 화이트)	원단이 부드럽고 오버핏이어서 착용감이 좋아요.	오버핏으로 낡게
washed	5943321	비긴202	묘독 크롭 티셔츠 [워시드 블랙]	크롭한 기장감이 비율을 좋게 만들어줘요.	검정도 물 빠진다
washed	5888153	무신사 스탠다드	프로스트 다이드 더블 스트라이프 티셔츠 [토프]	소매와 밑단의 퍼커링이 빈티지한 느낌을 줘요.	밑단이 쭈글쭈글
# character				로고 말고 캐릭터가 크게 박힌 티	
character	6366788	스파오	[다마고치] 반팔 티셔츠(MIX)_SPRLG37U06	소재가 시원한 느낌이에요.	다마고치가 크게
character	6011081	스파오	[산리오캐릭터즈] 반팔 티셔츠(MINT)_SPRLG25U05	디자인이 귀여워요.	산리오 민트
character	5923036	라퍼	[베티붑] 퀸 티셔츠 - 블랙	베티붑 프린팅이 귀여워서 시선을 끌어요.	시선 끄는 베티붑
character	4874557	엘엠씨	BEAR FRIENDS TEE black	프린팅이 귀엽고 디자인이 눈에 띄어요.	곰 친구들
character	4874539	엘엠씨	RUNNING BEAR TEE white	색감이 예뻐요, 디자인도 귀여워요.	달리는 곰
character	4782124	모즈모즈	코믹걸 오버핏 반팔티셔츠 화이트	프린팅이 힙하고 감성적이에요, 디자인이 유니크해요.	만화 속 여자
character	4779972	모즈모즈	스파이더 오버핏 피그먼트 반팔 티셔츠 챠콜	챠콜 색감이 물 빠진 듯한 감성적인 톤이에요.	물 빠진 스파이더
character	4236133	엘엠씨	PANDA BEAR MUSEUM TOUR TEE black	재질이 탄탄하고 착용감이 편해요.	판다는 탄탄하게
character	4145916	후드후드	에일리언 그래픽 오버핏 반팔티셔츠 화이트	외계인 디자인이 귀엽고 유니크해요.	외계인 한 마리
# white_opaque				안 비치는 흰 반팔 없냐길래 골랐다	
white_opaque	6448416	르아브	와플 버튼 헨리넥 하프 티셔츠 화이트	핏이 매우 대만족이에요.	목이 허전하지 않다
white_opaque	5087318	브라이튼	에센셜 티셔츠 화이트	핏이 예쁘고 탄탄한 소재라 몸에 잘 맞아요.	탄탄한 쪽으로
white_opaque	6526404	로긴 앤 로지	Heart Patch Cotton T-shirt White (New)	하트 패치가 귀여워서 포인트가 되고 입었을 때 예뻐요.	무지가 심심할 때
white_opaque	4333937	유나이티드 애슬	[3PACK] 베이직 무지 반팔 티셔츠	재질이 보들보들하니 착용감이 편해요, 사이즈도 적당해요.	세 장에 삼만 원
white_opaque	3789059	더블유스탠다드	올시즌 베이직 반팔 티셔츠 [5 COLOR]	소재가 얇지만 변형 없어 세탁 후에도 편해요.	깔 게 안 나왔다
white_opaque	5449070	무신사 스탠다드 스포츠	[2팩] 베이직 스포츠 숏슬리브 우먼 (3color)	가볍고 통풍이 잘 돼서 운동할 때 편해요.	땀 흘릴 날의 흰 티
# summer_thin				진짜 얇아서 8월에도 입는 여름 반팔	
summer_thin	6250843	디써지	씨닉스 티셔츠	색상이 고급스럽고 차분하게 예뻐요.	고급스러운 색
summer_thin	6097087	페이드	PD 인더스트 반팔티 블랙	블랙 컬러라 어떤 옷과도 매칭하기 쉬워요.	검정은 다 맞는다
summer_thin	6097083	페이드	PD 타이거웍스 반팔티 블랙	소재가 탄탄하고 부드러워 착용감이 좋아요.	얇은데 탄탄하다
summer_thin	6091419	테이크이지	헬로우본 크롭 티셔츠 - 3 COLOR	원단이 탄탄하고 통기성이 좋아 여름에 시원하게 착용할 수 있어요.	통기성 좋은 크롭
summer_thin	5915559	무신사 스탠다드	[시티 레저] 스포티브 텍스처드 티셔츠 [그레이]	소재가 시원하고 가벼워서 여름에 입기 좋아요.	가벼운 회색
summer_thin	5132629	프리덤	파워하우스 메쉬 오버핏 티셔츠 (블랙)	메쉬 소재라 시원하고 통기성이 좋아요.	메쉬라 바람 통한다
summer_thin	5126600	닉앤니콜	BIG ROSE SLEEVE TOP_13 COLOR	소매 디테일이 예쁘고 포인트가 돼요, 핏도 자연스럽게 떨어져요.	소매가 포인트
summer_thin	5072016	원헌드레드퍼센트	OHPxRAWFITER4 b훅키퍼 피그먼트 반팔티2	프린팅 퀄리티가 매우 뛰어나요.	프린팅이 선명하다
summer_thin	5062894	아르반	미디어 이즈 낫 갓 티셔츠_이터널 블랙	핏이 맛깔나게 맞아떨어져요.	핏으로 고른다
# oversized_thin				오버핏인데 원단은 안 두꺼운 티	
oversized_thin	6097087	페이드	PD 인더스트 반팔티 블랙	블랙 컬러라 어떤 옷과도 매칭하기 쉬워요.	오버핏 검정 기본
oversized_thin	6097083	페이드	PD 타이거웍스 반팔티 블랙	소재가 탄탄하고 부드러워 착용감이 좋아요.	두껍지 않은 오버핏
oversized_thin	5915559	무신사 스탠다드	[시티 레저] 스포티브 텍스처드 티셔츠 [그레이]	핏이 예쁘고 착용감이 좋아요.	핏이 예쁜 회색
oversized_thin	5132629	프리덤	파워하우스 메쉬 오버핏 티셔츠 (블랙)	메쉬 소재라 시원하고 통기성이 좋아요.	메쉬 오버핏
oversized_thin	5126600	닉앤니콜	BIG ROSE SLEEVE TOP_13 COLOR	오버핏이라 레이어드하기 좋아요, 단독으로 입어도 멋스러워요.	레이어드하기 좋다
oversized_thin	5072016	원헌드레드퍼센트	OHPxRAWFITER4 b훅키퍼 피그먼트 반팔티2	오버핏 핏으로 데일리 코디에 잘 어울려요.	데일리로 매일
oversized_thin	4983123	플래니트	퀵드라이 피그먼트 세미오버핏 반팔티	세미오버핏 핏이 체형을 자연스럽게 커버해요.	세미로 한 단계 낮춰
oversized_thin	4968713	어반에이지	HIGH STREET 링거 나그랑 오버 반팔 크림	크림색이 예뻐요, 오버핏으로 딱 맞아요.	크림색 오버핏
oversized_thin	4872325	리우아	[베네피셜 하이코튼 라이트] 유넥 반팔티 (블랙)	유넥이 깊게 파이지 않아서 부담스럽지 않아요.	유넥인데 안 파였다
# new_graphic				작년 재고 말고 올해 나온 그래픽 티	
new_graphic	6804398	몬스터리퍼블릭	[2PACK] 시그니처 오버핏 반팔티 6종 2팩 패키지	오버핏 디자인이라 체형을 자연스럽게 커버해줘요.	여섯 종에서 두 장
new_graphic	6583437	소버먼트	데일리 소프트 체인 스티치 티셔츠[8 Color]	소재가 부드럽고 신축성이 좋아서 여름에 착용하기 편해요.	여덟 색 중에
new_graphic	6564196	트래블	팔레트 피그먼트 반팔티 고스트 그레이	디자인이 예쁘고 퀄리티가 좋아요.	올해 나온 피그먼트
new_graphic	6546980	오드스튜디오	[디지몬 어드벤처] Rookie Stage Digimon Overfit 	프린팅 퀄리티가 선명하고 색감이 예뻐요.	디지몬 선명하게
new_graphic	6366788	스파오	[다마고치] 반팔 티셔츠(MIX)_SPRLG37U06	소재가 시원한 느낌이에요.	다마고치 시원하게
new_graphic	6220847	언탭트 스튜디오	96 유니버스 블러 오버핏 트랙 반팔 배색 티셔츠 3COLOR	오버핏 핏이 자연스럽고 체형 커버 잘 돼요.	블러 배색
new_graphic	6220302	언탭트 스튜디오	레트로 레터링 그래픽 오버핏 반팔 티셔츠 8COLOR	오버핏 핏이 자연스럽고 체형 보완에 좋아요.	레트로 레터링
new_graphic	6205180	트래블	포티스 크롭 반팔티 그레이	핏이 예쁘고 몸에 잘 맞아요.	올해 크롭
new_graphic	6191242	소이렌	토스트 퍼피 티 (3 Color)	디자인이 귀여워서 주변 친구들로부터 칭찬받았어요.	강아지 그래픽
# crop				배꼽 위에서 끝나는 짧은 크롭 티	
crop	6316003	다이브인	UNIFORM STRIPE T-SHIRTS (INDIGO/NAVY)	핏감이 적당히 몸을 잘 감싸고 세미 크롭한 느낌이에요.	줄무늬면 덜 부담
crop	6281728	브렌슨	리브드 크롭 라운드넥 반팔티 ( 5Color )	색감이 이쁘고 원단 촉감이 좋아요.	골지라 몸선이 산다
crop	6225254	챔피온	여성 95 크롭 티셔츠 4color	신축성이 뛰어나서 입고 벗기 편해요.	잘 늘어나서 편하다
crop	6205180	트래블	포티스 크롭 반팔티 그레이	크롭 기장으로 스타일이 트렌디해요.	그레이는 실패가 없다
crop	6152111	모즈모즈	[SET] 그래픽 피그먼트 크롭&오버핏 반팔티셔츠 VOL.03	크롭핏도 체형 커버 되고, 일상 스타일링에 딱이에요.	크롭·오버핏 두 장
crop	6091419	테이크이지	헬로우본 크롭 티셔츠 - 3 COLOR	기장이 과하지 않은 크롭 기장이라 부담 없이 입을 수 있어요.	과하지 않은 기장
crop	5943321	비긴202	묘독 크롭 티셔츠 [워시드 블랙]	크롭한 기장감이 비율을 좋게 만들어줘요.	비율이 올라간다
crop	5941967	비긴202	솔리드 크롭 티셔츠 [멜란지 그레이]	크롭 기장이 적당해요, 핏도 잘 빠져요.	무지 한 장은 있어야
# no_stretch				빨아도 목이 안 늘어난다는 반팔	
no_stretch	6583437	소버먼트	데일리 소프트 체인 스티치 티셔츠[8 Color]	세탁 후에도 형태가 잘 유지되고 늘어남이 없어요.	빨아도 그대로
no_stretch	6546980	오드스튜디오	[디지몬 어드벤처] Rookie Stage Digimon Overfit 	프린팅 퀄리티가 선명하고 색감이 예뻐요.	색이 선명하다
no_stretch	6431170	유니온블루	WASHED BORDER S/S T-SHIRT [FROST]	핏감이 세미오버로 적당하고 정돈된 실루엣이에요.	세미오버 정돈된 핏
no_stretch	6400820	퍼머넌트 아카이브	세인트 오노레 워시드 반팔 티셔츠 (2컬러)	색감이 진짜 흔하지 않아서 보자마자 마음에 들었어요.	색이 흔하지 않다
no_stretch	6347612	에이카화이트	(Unisex) AECA HERITAGE GLOBE LOGO HALF S	색감이 너무 예뻐요.	색으로 고른 한 장
no_stretch	6336575	아워세이아워	크로스 플라워 스터드 반팔티 블랙	디자인이 독특하고 예뻐서 많은 사람들이 좋아해요.	스터드가 박혔다
no_stretch	6297929	요세미티	[SET] 그래픽 반팔티셔츠 4종 택2	재질이 탄탄해서 세탁 후에도 변형 없어요.	세탁해도 변형 없다
no_stretch	6291572	아웃스탠딩	MIL SERIES TEE(CAMP MAXEY)_3%MELANGE GRA	사이즈가 정핏이라서 잘 맞아요.	정핏으로 나온다
no_stretch	6265405	데상트	러닝 퀵드라이 반팔 티셔츠 SQ123XTS39	착용감이 가벼워서 운동할 때 부담 없이 입기 좋아요.	운동용도 안 늘어난다
# not_hot				여름옷으로 나와서 진짜 안 더운 티	
not_hot	6381371	블레이어	더블 레이어링 리브드 헨리넥 반팔 티셔츠 [M.GREY]	여름에 입기 좋은 적당한 두께감이에요.	여름에 맞는 두께
not_hot	6333282	어글리쉐도우	스트라이프 프릴 오프숄더(네이비)	프릴 디테일이 귀엽고 마감이 깔끔해요.	어깨를 열어서
not_hot	6314845	고스트리퍼블릭	[SET] 빈티지 그래픽 피그먼트 반팔티 4종 택2	가성비가 좋고 사이즈가 잘 맞아요.	가성비로 네 장
not_hot	6281728	브렌슨	리브드 크롭 라운드넥 반팔티 ( 5Color )	소재가 부드럽고 시원해서 여름에 적합해요.	부드럽고 시원하다
not_hot	6275043	다미쉬	고딕 크로스 헨리넥 숏슬리브_블랙	핏이 예쁘고 몸매를 자연스럽게 슬림해 보여요.	목을 열어 슬림하게
not_hot	6220302	언탭트 스튜디오	레트로 레터링 그래픽 오버핏 반팔 티셔츠 8COLOR	오버핏 핏이 자연스럽고 체형 보완에 좋아요.	오버핏이라 붙지 않는다
not_hot	6142592	마리떼 프랑소와 저버	AEROCOOL CRACK CLASSIC LOGO RINGER TEE n	재질이 시원한 느낌이라 여름에 입기 좋아요.	이름부터 에어쿨
not_hot	5929993	마리떼 프랑소와 저버	CLASSIC LOGO TEE charcoal	핏이 자연스러워서 편안하게 착용할 수 있어요.	자연스러운 로고 하나
# no_complaint				리뷰 수백 개인데 깔 게 안 나온 티	
no_complaint	5848542	다이나핏	ESSENTIAL (에센셜) 남성 반팔티_Black YMM26221Z1	재질이 좋아서 착용감이 편해요, 디자인도 마음에 들어요.	재질부터 편하다
no_complaint	5650813	카포	집의효능 반팔 티셔츠	핏이 예뻐요, 딱 생각하던 스타일이에요.	생각하던 그 핏
no_complaint	5167505	노이어	코튼 피그먼트 포켓 티셔츠 (그레이)	색감이 예뻐요, 기장감도 적당해요, 핏이 마음에 들어요.	기장까지 맞는다
no_complaint	5114908	페플	[2PACK] ORBT 974OG 실켓 반팔티셔츠 SJST1526	소재가 부들부들하고 빨리 마르며 매일 착용해요.	매일 입어도 된다
no_complaint	5093798	앤더슨벨	(에센셜) 유니섹스 어게인 립 티셔츠  atb1406u(BLACK)	디자인이 예뻐요, 원단도 고급스러워요, 핏도 좋고요, 기장감이 크롭해서 좋네요.	원단이 고급이다
no_complaint	5087221	요세미티	[2PACK] 아플리케 자수 피그먼트 반팔티	피그먼트 워싱감이 자연스러워요, 자수 디테일이 과하지 않아요.	자수가 과하지 않다
no_complaint	5072470	아웃스탠딩	V.S.C TEE(BIMINI)_1%MELANGE GRAY	색감이 은은하고 시원해요.	은은한 멜란지
no_complaint	5070779	후드후드	H 로고 반팔티셔츠 카모	카모 패턴이 정말 예뻐요, 디자인도 독특하고 스타일링에 잘 어울려요.	카모인데 안 튄다
no_complaint	4924664	밀로 아카이브	커스텀 프레임 캣 티셔츠 [오렌지]	색감이 쨍하고 예뻐요, 핏도 딱 맞아요.	쨍한데 잘 맞는다
# true_to_size				평소 사이즈 그냥 시켜도 되는 반팔	
true_to_size	6336575	아워세이아워	크로스 플라워 스터드 반팔티 블랙	디자인이 독특하고 예뻐서 많은 사람들이 좋아해요.	독특해도 정사이즈
true_to_size	6220847	언탭트 스튜디오	96 유니버스 블러 오버핏 트랙 반팔 배색 티셔츠 3COLOR	오버핏 핏이 자연스럽고 체형 커버 잘 돼요.	오버핏도 그 사이즈
true_to_size	6144501	베이프	베이비 마일로 티셔츠(M) BLACK	원단이 부드럽고 두께감이 적당해요.	두께가 적당하다
true_to_size	5204953	아테즈	[2PACK] AERO 라이트 숏 슬리브_2COLOR	소재가 시원하고 통기성이 좋아요.	통기성 좋은 두 장
true_to_size	5163066	에데닉	그린애플 반소매 티셔츠_EZS3TS01WT,EZS3TS02BK (화이트,	소재가 시원하고 부드러워 여름 착용감 좋아요.	부드럽고 시원하다
true_to_size	5056708	유니온블루	KITTY HAWK LOGO PRINTED T-SHIRT [MELANGE	원단 질감이 부들부들하고 탄탄해요.	부들부들 탄탄
true_to_size	4983123	플래니트	퀵드라이 피그먼트 세미오버핏 반팔티	피그먼트 워싱의 빈티지한 색감이 멋스러워요.	빈티지한 색감
true_to_size	4854866	디스이즈네버댓	(SS25) Brushed Paint Tee White	색감이 다크초코에 가까워서 고급스러워요.	다크초코에 가깝다
true_to_size	4783826	데케트	Pigment Pocket T-Shirt DCTS001Khaki	색감이 빈티지한 카키로 자연스러워요, 포켓 디테일이 포인트가 돼요.	포켓이 포인트
# coquette				프린트 말고 리본·레이스가 진짜 달린 티	
coquette	5039557	해비즘	DOUBLE LACE S/S TEE(NAVY)	레이스 디테일이 귀여워요, 핏도 적당해요.	레이스 두 겹
coquette	3291348	노피셜노피스	리본 메쉬 티셔츠 블랙		메쉬에 리본
coquette	4984045	루나키후	WXT043 솜사탕 레이스 아플리케 반팔 티셔츠 (BLACK)	레이스 포인트가 섬세하고 귀여워요.	솜사탕 레이스
coquette	4790141	파르티멘토 우먼	레이스 펀칭 90s 숏슬리브 티_민트 그레이	레이스 펀칭 디테일이 포인트가 돼요.	펀칭으로 낸 레이스
coquette	4651577	무신사 스탠다드 우먼	우먼즈 포인텔 레이스 크루 넥 티셔츠 [라이트 핑크]	디자인이 귀여워서 많은 사람들이 좋아해요.	연한 핑크로
coquette	4182673	꼼파뇨	DTP 팬시 리본 반팔티 블랙	프린팅이 귀엽고 독특해요, 디자인이 힙하고 스타일리시해요.	이건 프린트 쪽
coquette	4158278	오오엠엘	슬림 크롭 백리본 티셔츠 (블랙)	리본 포인트가 귀여워요, 핏도 예쁘고 기장도 적당해요.	등 뒤에 리본
coquette	4045044	듀이듀이	리본 탑_그레이		리본이 전부
coquette	4024811	에즈카톤	레이스 반팔티셔츠 네이비 KMST6773		네이비 레이스
# flower				잔꽃 말고 얼굴만 한 꽃이 박힌 티	
flower	4123655	로템버	스틸라이프 플라워 하프 티셔츠 [BLACK]		검정 위 큰 꽃
flower	6403737	하이스쿨디스코	플라워 오프숄더 숏슬리브	플라워 프린팅이 부담스럽지 않고 예쁘게 들어가 있어요.	어깨까지 열고
flower	5941757	비긴202	드라이 플라워 크롭 롤업 티셔츠 [워시드 차콜]	크롭 기장이 적당해서 스타일링하기 좋아요.	말린 꽃 크롭
flower	4999593	엘엠씨	WM OG CROPPED TEE flower white	꽃무늬 디자인이 선명하고 귀여워요, 핏도 예쁘고 사이즈도 딱 맞아요.	선명한 꽃 크롭
flower	4999591	엘엠씨	FN OG TEE flower white	색감이 새하얗고 깔끔해요, 디자인도 귀여운 꽃무늬라 포인트 잘 나와요.	새하얀 바탕에
flower	4978899	엑스오엑스	스머징 플라워 크루넥 반팔 티셔츠(3color)	프린트 디자인이 예쁘고 무난해서 데일리로 입기 좋아요.	번진 듯한 꽃
flower	3997076	카키그라도	불꽃 로고 머슬드 레귤러핏 반팔 티셔츠 (블루블랙/잉크블랙)	땀흡수가 빠르고 레귤러핏이 머슬핏처럼 딱 맞아요.	꽃 말고 불꽃
flower	3972928	커버낫	플라워 베이스 티셔츠 아이보리		아이보리에 꽃
# gorpcore				등산복으로 나왔는데 시내에서 입는 티	
gorpcore	4882385	에이지오디	애리조나 캠핑 레터링 반소매 티셔츠 [화이트]	사이즈가 적당히 오버하게 잘 맞아요, 핏이 깔끔하고 루즈한 느낌이에요.	캠핑 레터링
gorpcore	4765963	무신사 스탠다드	[시티 레저] 스트럭처드 블록 티셔츠 [브라운]	소재가 시원하고 통기성이 좋아요.	시내용 아웃도어
gorpcore	4655169	무신사 스탠다드	[시티 레저] 유틸리티 메시 포켓 우븐 티셔츠 [라이트 그레이]	시원한 재질로 여름에 입기 좋아요.	포켓이 달린 메시
gorpcore	4629462	씨큐알	스판 아웃도어 택티컬 포켓 반팔셔츠	스판이 있어서 편안해요, 통풍도 잘 되어요.	스판이라 편하다
gorpcore	4168882	씨큐알	쿨링 자외선차단 아웃도어 반팔 티셔츠	재질이 시원하고 가벼워서 여름에 착용하기 좋아요.	자외선까지 막는다
gorpcore	4043150	코드그라피	COOL 화섬 배색 스포츠 반팔 티셔츠_네이비		화섬 배색
gorpcore	4009326	필루미네이트	FLM 클럽 스포츠 저지 티셔츠-2Color	핏이 루즈해서 체형 커버도 잘 되고 스타일리시해요.	루즈해서 커버된다
gorpcore	2450848	원헌드레드퍼센트	OHP X MOAI b캠핑 세미오버 반팔티	프린팅 디자인이 귀여워서 단독으로 입어도 스타일이 살아나요.	단독으로 살아난다
gorpcore	2448280	크림소다랩	모토 캠프 반팔티 블랙 화이트		캠프인데 검정
# body_straight				스트레이트 체형이 가장 잘 입는 기본 티셔츠	
body_straight	6526404	로긴 앤 로지	Heart Patch Cotton T-shirt White (New)	하트 패치가 귀여워서 포인트가 되고 입었을 때 예뻐요.	하트 패치 하나
body_straight	6359350	세터	[2PACK] (W) 수피마 베이직 크루넥 반팔 티셔츠	수피마 원단이라 재질이 부드럽고 시원해요.	수피마로 두 장
body_straight	6289463	웬즈데이오아시스 포 우먼	[Atelier Standard] 포시즌 모달 코튼 반팔 티셔츠_4COL	소재가 쫀쫀하고 부드러워서 몸에 닿는 촉감이 좋아요.	쫀쫀한 모달
body_straight	6099337	르바	[2PACK] All-day Cotton Rib T-shirt - 12c	재질이 좋고 고급스러워요.	골지로 매일
body_straight	5956981	코닥	에센셜 빅로고 아스킨 반팔 티셔츠 우먼 BLACK	면재질이지만 시원해서 여름에 입기 좋아요.	면인데 시원하다
body_straight	3983055	인사일런스 우먼	W 수피마 코튼 U넥 티셔츠 BLACK		U넥으로 목선을
body_straight	3399250	라이크더모스트	1992 우먼 레귤러 베이직 티셔츠		레귤러가 기본
body_straight	3202788	인사일런스 우먼	[2 PACK] W 수피마 코튼 프리미엄 티셔츠_5 Color	소재가 부드럽고 착용감이 좋아요.	두 장 다 수피마
body_straight	2618665	웨어리즈	Basic Silket T-shirt / 5 colors		실켓으로 매끈하게
# body_wave_w				웨이브 체형 여성에게 맞는 짧고 슬림한 반팔	
body_wave_w	6225254	챔피온	여성 95 크롭 티셔츠 4color	신축성이 뛰어나서 입고 벗기 편해요.	입고 벗기 편하다
body_wave_w	6034319	에이이에이이	APPLIQUE FLOWER LOGO TEE [DARK BROWN]	재질이 탄탄해요, 핏도 슬림해요, 디자인에 자수 꽃무늬가 예뻐요.	슬림한데 탄탄하다
body_wave_w	5713305	글로니	G BABY TEE (NAVY)	핏이 예쁘고 적당히 크롭한 기장이라 허리라인이 잘 잡혀요.	허리선이 잡힌다
body_wave_w	4230151	어니브	LETTERING OVAL-NECK CROP T-SHIRT WHITE		오벌넥 크롭
body_wave_w	3939913	바우프	B 패치 반팔 크롭티 [화이트]		패치 하나 붙은 크롭
body_wave_w	3829438	시눈	ROUND SHIRRING T-SHIRT (MELANGE GREY)		셔링으로 라인을
body_wave_w	3291348	노피셜노피스	리본 메쉬 티셔츠 블랙		리본 달린 메쉬
body_wave_w	2141539	몰든	스테디 크롭 티셔츠		무난한 크롭
body_wave_w	6507757	세컨드솔트	포니 아카이브 티셔츠 (화이트)	디자인이 유니크하고 귀여워요.	포니 하나로
# body_natural				내추럴 체형에 균형이 맞는 오버·루즈 반팔	
body_natural	5972912	론론	RIBBON CAT BASIC FIT T SHIRT WHITE	색감이 깔끔해요, 프린팅이 귀여워요, 핏이 베이직해요, 소재가 부드러워요, 가격이 착해요.	리본 고양이
body_natural	5628544	테켓	Plan Tee Black	핏이 예쁘고 편안하게 입기 좋아요.	편하게 떨어진다
body_natural	5163066	에데닉	그린애플 반소매 티셔츠_EZS3TS01WT,EZS3TS02BK (화이트,	소재가 시원하고 부드러워 여름 착용감 좋아요.	시원하고 부드럽다
body_natural	5042259	웨이브유니온	Kathrine T-shirt charcoal	색감이 예뻐요, 핏도 마음에 들어요.	색부터 차분하다
body_natural	4916359	슬로우롤리	Flower ribbons t-shirt_3 Colors	색감이 부드럽고 고급스러워요.	부드러운 색감
body_natural	4167034	론론	RONRON HEART LAUREL OVER FIT T SHIRT WHI		오버핏 하트
body_natural	6455096	허그유어스킨	HUGYOURSKIN X LUCY 루즈 티 (화이트)	디자인이 귀여워서 포인트가 되고 활용성이 좋아요.	루즈하게 한 장
body_natural	6317865	타입서비스	New Me Ruched Top [White]	프린팅이 귀여워서 많은 고객들이 만족해요.	주름 잡힌 상의
body_natural	6299492	더콜디스트모먼트	TCM alphabet T (lemon)	색감이 밝고 귀여워요.	레몬색 알파벳
# muscle_fit				몸에 붙여 입으려고 나온 머슬핏 반팔	
muscle_fit	6573910	카키그라도	[2 Pack] 솔리드 머슬드 레귤러핏 반팔 티셔츠 (블랙/딥그린카키)	원단이 탄탄하고 까슬거림 없이 착용하기 좋아요.	까슬거리지 않는다
muscle_fit	6016437	카미드	카미드 글로리 헨리넥 머슬핏 골지 반팔티셔츠 [그레이]	핏이 예술이에요.	골지 머슬핏
muscle_fit	5269955	어프레쉬	에어스트레치 머슬핏 하프 슬리브 3COLOR	핏이 깔끔하게 떨어져서 몸에 자연스럽게 밀착돼요.	몸에 자연스럽게 붙는다
muscle_fit	5264515	핵쿨남	어깨넓어보이는 남자 머슬핏 반팔 브이넥 티셔츠	브이넥 디자인이 적당히 깊어 목선을 길어 보이게 해줘요.	어깨가 넓어 보인다
muscle_fit	4931655	허그본	심볼 레글런 머슬핏 숏슬리브 2컬러	핏이 깔끔하고 몸에 잘 맞아요.	래글런 머슬핏
muscle_fit	4844758	바이젝	특양면 헤비머슬러 머슬핏 반팔 티셔츠_2Color	핏이 딱 맞고 편해서 매일 입고 다녀요.	두꺼운 특양면
muscle_fit	4226028	에르비노	스판 머슬핏 반팔티[화이트]		스판으로 붙인다
muscle_fit	4054146	알브이디	무지 쿨링 와이드숄더 머슬핏 반팔티 (스노우화이트)	핏이 적당하고 몸에 딱 맞는 느낌이에요.	어깨를 넓게
muscle_fit	3368842	라임라잇 어패럴	애슬릿 티셔츠 (네이비/핑크)	재질이 부드럽고 얇아서 운동할 때나 평상복으로 입기 좋아요.	얇아서 운동에도
# rollup_sleeve				소매를 접어 박아 고정한 롤업 반팔	
rollup_sleeve	6760735	요세미티	배색 롤업 레이어드 반팔티 YT-3Y31	소매 롤업 디자인이 자연스럽고 포인트가 돼서 예뻐요.	배색까지 들어간 롤업
rollup_sleeve	6577729	페이드	PD 시그니처 로고 롤업 크롭 반팔티 블랙	소매 롤업 디자인이 스타일리시해요.	검정 롤업 크롭
rollup_sleeve	6542896	레더리	[크롭] 오션 헤이즈 롤업 반팔 티셔츠 [MELANGE]	롤업 포인트가 귀여워서 포인트 주기 좋아요.	포인트 주기 좋다
rollup_sleeve	6535094	슬로우애시드	SA REFINED FLIP-CUFF SEMI-CROP TEE [DARK	롤업했을 때 색감이 이쁘고 스타일링하기 좋네요.	접었을 때 색이 산다
rollup_sleeve	6526238	드로우핏	레이어드 롤업 헨리넥 티셔츠 [M.GREY]	소재가 부드럽고 스타일리시해요.	롤업에 헨리넥
rollup_sleeve	6497835	브렌슨	컴포트 배색 롤업 크롭 반팔티 ( 4Color )	배색 롤업 디테일이 포인트가 되어 기본 티셔츠임에도 밋밋하지 않아요.	밋밋하지 않은 기본
rollup_sleeve	6487870	고스트리퍼블릭	크롭 스트라이프 배색 롤업 반팔티 GT-392_블랙	소매 롤업 디테일이 포인트가 되어 스타일리시해 보여요.	줄무늬 롤업
rollup_sleeve	6487865	고스트리퍼블릭	크롭 스트라이프 배색 롤업 헨리넥 반팔티 GT-393_그레이	소매 롤업 포인트가 팔뚝 살을 자연스럽게 커버해줘서 슬림해 보여요.	팔뚝을 가려준다
rollup_sleeve	6462793	노이즈	배색 롤업 스트라이프 반팔 티셔츠 - 아이보리	소매를 롤업하면 핏이 예쁘고, 목 부분이 적당한 U넥으로 여름에 편해요.	U넥이라 시원하다
# off_shoulder				어깨를 한쪽만, 또는 양쪽 다 드러내는 티	
off_shoulder	6403737	하이스쿨디스코	플라워 오프숄더 숏슬리브	착용감이 엄청 편하고 좋아요.	꽃무늬 오프숄더
off_shoulder	6155573	로라로라	MAISON DE ROLA EMBROIDERY OFF SHOULDER T	오프숄더 디자인이 자연스럽고 과하지 않아서 데일리로 입기 좋아요.	자수 오프숄더
off_shoulder	5916121	애즈유아	펀칭 언발란스 오프숄더 티 블랙	디자인이 예쁘고 기본 블랙으로 활용하기 좋아요.	한쪽만 내려서
off_shoulder	5322299	팬시클럽	플라스틱 키스 원숄더 탑 (NAVY) F26QB051	어깨가 적당히 파여서 부담 없이 오프숄더 스타일을 즐길 수 있어요.	부담 없는 원숄더
off_shoulder	5052923	스컬프터	Chateau Shithole Tie Tee White	핏이 예뻐요, 디자인도 마음에 들어요.	묶어서 만든 라인
off_shoulder	4993203	러브이즈트루	SM GLITTER OFFSHOULDER TEE(CHARCOAL)	오프숄더 핏이 예뻐요, 어깨 라인도 세련돼요.	어깨 라인이 산다
off_shoulder	4969881	키티포터리	스트라이프 오프숄더 숏슬리브 티셔츠 (아이보리)	오프숄더지만 노출 없이 속옷끈도 가려줘요.	속옷끈까지 가린다
off_shoulder	4903476	일리고	원숄더 스터드 스트라이프 탑 블랙 아이보리	원숄더 디자인이 예뻐요, 스터드 포인트가 멋져요.	스터드 원숄더
off_shoulder	2029141	콘치웨어	콘치 원숄더 크롭탑 (2color)		원숄더 크롭
# slim_fit				오버핏 말고 몸선이 보이는 슬림핏	
slim_fit	6654446	노이어	[2PACK] 코튼 리브드 슬림핏 하프 티셔츠 (6 Color)	슬림핏이지만 과하지 않아 데일리로 입기 좋아요.	과하지 않은 슬림
slim_fit	6423466	밀리언데이	Neigh 슬림핏 반팔티	핏이 예쁘고 슬림하게 떨어져요.	슬림하게 떨어진다
slim_fit	6296780	아워세이아워	V넥 레이어드 스터드 슬림 반팔티 스트라이프	디자인이 심플하고 깔끔해서 여러 옷과 잘 어울려요.	브이넥 슬림
slim_fit	6209621	아디다스	3-스트라이프 슬림 링거 티셔츠 - 화이트 / KF0418	핏이 딱 맞고 디자인이 깔끔해요.	딱 맞는 링거
slim_fit	6121803	무신사 스탠다드 우먼	[쿨탠다드] 우먼즈 슬림 크루 넥 티셔츠 (5 colors)	핏이 슬림하게 떨어져서 몸 라인이 깔끔해 보여요.	라인이 깔끔하다
slim_fit	6097176	페이드	PD 533 슬림핏 반팔티 블랙	디자인이 깔끔하고 예뻐서 데일리로 입기 좋아요.	검정 슬림 기본
slim_fit	5995067	바우프	3 logo 도트 슬림핏 티셔츠 [민트 블루]	색감이 쨍하고 예뻐서 얼굴톤을 밝혀줘요.	얼굴이 밝아지는 민트
slim_fit	5970955	스파오	[코튼스판] 세미 크롭 슬림 반팔티_SPRWG25G01	신축성이 좋아서 편안하게 입을 수 있어요.	신축성 있는 크롭
slim_fit	5949857	무신사 스탠다드 우먼	우먼즈 슬림 크루 넥 브라티셔츠 [다크 그레이]	브라캡이 내장되어 있어 편하게 입을 수 있어요.	브라캡이 들었다
# black_only				검정 하나로만 이뤄진 반팔	
black_only	6475705	데상트	트레이닝 반팔 티셔츠 블랙 SR323TTS70	블랙 색상이라 어떤 하의와도 잘 어울려요.	운동용 검정
black_only	6334156	미세키서울 맨	Line layered short sleeve BLACK	핏이 예쁘고 사이즈가 잘 맞아요.	레이어드된 검정
black_only	6306143	요세미티	[SET] 그래픽 프린팅 반팔 티셔츠 4종 택2	색감은 화이트와 블랙이 매치하기 좋아요.	흑백으로 두 장
black_only	6144501	베이프	베이비 마일로 티셔츠(M) BLACK	블랙 색상이라 다양한 하의와 매치하기 좋아요.	마일로 블랙
black_only	6117414	앤더슨벨	(ESSENTIAL) UNISEX HEART T-SHIRT atb1417	디자인이 예쁘고 디테일이 뛰어나요.	하트 하나 박힌 검정
black_only	6064527	캘빈클라인 진	인더시티 릴렉스드핏 그래픽 티 블랙 4RF295G UB1	디자인이 깔끔하고 심플해서 다양한 코디에 잘 어울려요.	심플한 그래픽
black_only	6041096	데상트	터프 백그래픽 반팔 티셔츠 블랙 SR123UTS23	블랙 컬러라 어떤 하의와도 무난하게 잘 어울려요.	등에 그래픽
black_only	6032964	데상트	스위스 트라이애슬론 폴로 반팔 티셔츠 블랙 SR223IPS51	블랙 컬러라 어디에나 잘 어울리고 관리하기 쉬워요.	검정 폴로
# premium_yarn				원단 이름을 앞에 붙여 파는 반팔	
premium_yarn	4683740	내셔널지오그래픽	세미오버핏 수피마 반팔 티셔츠 GREY	소재가 얇고 시원해서 여름에 입기 좋아요.	수피마 세미오버
premium_yarn	2402837	무신사 스탠다드	수피마 릴렉스드 크루 넥 티셔츠 [그레이]	수피마 원단이 부드럽고 촉감이 좋아요.	수피마 릴렉스드
premium_yarn	6359350	세터	[2PACK] (W) 수피마 베이직 크루넥 반팔 티셔츠	수피마 원단이라 재질이 부드럽고 시원해요.	여성 수피마 두 장
premium_yarn	6289463	웬즈데이오아시스 포 우먼	[Atelier Standard] 포시즌 모달 코튼 반팔 티셔츠_4COL	소재가 쫀쫀하고 부드러워서 몸에 닿는 촉감이 좋아요.	모달 섞은 쪽
premium_yarn	5795859	무신사 스탠다드 우먼	우먼즈 텐셀 사이드 루치드 티셔츠 [클라우디 블루]	재질이 부드럽고 시원해서 여름에 입기 좋아요.	텐셀로 시원하게
premium_yarn	5066055	미나브	텐셀 카라 니트 [6COLOR]	자개단추가 고급스러운 무드를 연출해요.	자개단추까지
premium_yarn	4898844	마인드브릿지	[수피마]그래픽 세미 오버 티셔츠 - 3color	수피마 소재라 시원하고 착용감이 좋아요.	수피마에 그래픽
premium_yarn	4898803	마인드브릿지	[콜린스]수피마_백포인트 세미 오버 티셔츠 - 3color	색감이 진한 검정이라 스타일링에 잘 어울려요.	진한 검정 수피마
# knit_tee				티셔츠인데 저지가 아니라 니트로 짠 것	
knit_tee	5849276	리메인세컨드	클래식 헨리넥 워셔블 반팔 니트 [그레이]	핏이 깔끔하게 떨어져서 체형 보정 효과가 있어요.	빨 수 있는 니트
knit_tee	5054255	노드유	헨리넥 스트라이프 반팔 니트 [버건디]	색감이 이쁘고 핏이 예뻐요.	줄무늬 니트
knit_tee	5043989	바우로 프로덕트	패턴 머슬 헨리넥 반팔 니트티 [카키]	핏이 예쁘게 나와요, 머슬핏 느낌이 강하게 살려요.	머슬핏 니트
knit_tee	4795513	트래드클럽	케이블 라운드 반팔 니트 7컬러	색감이 깔끔하고, 디자인은 군더더기 없이 세련돼요.	케이블 조직
knit_tee	6376118	르아르	머슬핏 헨리넥 반팔 니트 [네이비]	헨리넥 디자인 덕분에 기본 니트보다 훨씬 세련된 느낌이 나요.	기본보다 세련되게
knit_tee	6324638	르아르	사선 헨리넥 반팔 니트 [네이비]	핏이 몸에 착 감기고 마른 분들에게 잘 어울려요.	몸에 착 감긴다
knit_tee	6282162	노이스	RIBBED STRIPED KNIT POLO SHIRT - NAVY	착용감이 매우 좋아요.	니트 폴로
# layered_tee				안에 하나 더 입은 것처럼 나온 레이어드	
layered_tee	6526238	드로우핏	레이어드 롤업 헨리넥 티셔츠 [M.GREY]	레이어드 디자인이 센스있고 자연스러워요.	롤업까지 겹쳐서
layered_tee	6437314	도프제이슨	컷오프 레이어드 슬럽 티셔츠 NAVY	색감이 모델과 같아서 만족스러워요.	컷오프 레이어드
layered_tee	6437179	도프제이슨	숄더 버튼 체크 레이어드 티셔츠 MELANGE GREY	체크 레이어드 디자인이 독특하고 예뻐요.	어깨에 단추
layered_tee	6437150	도프제이슨	숄더 버튼 체크 레이어드 티셔츠 BLACK	디자인이 귀엽고 이뻐요.	같은 디자인 검정
layered_tee	6428903	후브스	레이어드 슬럽 크롭 반팔티 [네이비]	디자인이 빈티지하고 크롭해서 여름에 입기 좋아요.	빈티지한 크롭
layered_tee	6381362	블레이어	더블 레이어링 리브드 헨리넥 반팔 티셔츠 [BURGUNDY]	헨리넥 디자인이 스타일을 살려줘요.	버건디 헨리넥
layered_tee	6296780	아워세이아워	V넥 레이어드 스터드 슬림 반팔티 스트라이프	디자인이 심플하고 깔끔해서 여러 옷과 잘 어울려요.	브이넥으로 겹쳐서
layered_tee	6221830	디앤에스알	레이어드 브이넥 하프 티셔츠 그레이/레드	레이어드 브이넥 디자인이 예뻐요.	안에 빨강 한 겹
# y2k_motif				하트·체리·나비가 박힌 Y2K 모티프	
y2k_motif	5023417	드리프트아웃	더블 레이어 레벨 하트 반팔 티셔츠 (3color)	프린팅이 귀엽고 디자인이 예뻐요.	겹쳐 놓은 하트
y2k_motif	4891258	페이지시시	하트어택 캣 프린팅 반팔티 화이트	프린팅이 귀여워요, 디자인이 심플하고 휘뚤마뚤 코디하기 좋아요.	하트에 고양이
y2k_motif	3252506	그레이버	[UNISEX]드로잉 로고 드로잉스마일 반팔티_블랙		손그림 스마일
y2k_motif	5142737	버블피스	하트 써클 피그먼트 티셔츠_차콜	면 재질이 정말 좋아요.	면이 좋은 하트
y2k_motif	5136696	카고브로스 포 우먼	빈티지 하트 플래그 숏 반팔 티셔츠 (블랙)	재질이 부들부들하고 시원해요, 신축성도 좋아요.	부들부들한 하트
y2k_motif	5008442	꼼파뇨	하트 루나 반팔티 브라운	브라운 색감이 고급지며, 프린팅이 귀여워요.	브라운에 하트
y2k_motif	4952680	필루미네이트	버닝 하트 티셔츠-블랙	프린팅이 강렬하고 예뻐요, 블랙 컬러라 부담 없어요.	타는 하트
y2k_motif	4937288	밈더워드로브	원 하트 티셔츠_그레이	디자인이 귀엽고 색감이 예뻐요.	하트 하나만
# square_neck				목선을 가로로 넓게 판 스퀘어넥·보트넥	
square_neck	5795917	무신사 스탠다드 우먼	우먼즈 슬림 보트 넥 캡 슬리브 티셔츠 [화이트]	보트넥 디자인이 예뻐요.	보트넥 기본
square_neck	5096769	키티포터리	[2PACK] 클래식 소프트 딥 스퀘어넥 티셔츠 [10 COLOR]	스퀘어넥 디자인이 부담스럽지 않아서 좋아요.	부담 없는 스퀘어
square_neck	4063004	시티브리즈	골지 스퀘어넥 반팔 티셔츠_3COLORS	소재가 부들부들하고 찰랑찰랑해요.	골지 스퀘어넥
square_neck	6027751	디파이클럽로버스	Flight 666 원 오프 숄더 보트넥 반팔 티셔츠 (5color)	핏이 넉넉하고 편안해서 여름에 입기 좋아요.	넉넉한 보트넥
square_neck	5945837	미쏘	보트넥 7부 소매 티셔츠_MIWHWG309A	보트넥 디자인이 깔끔해요, 핏도 슬림하고 데일리 착용에 적합해요.	소매가 조금 길다
square_neck	5198233	디어미	슬림핏 스퀘어넥 티셔츠 [레드]	넥라인이 스퀘어라 디자인이 세련되고 멋있어요.	빨강 스퀘어넥
# v_neck				라운드넥이 답답할 때 고르는 브이넥	
v_neck	5264515	핵쿨남	어깨넓어보이는 남자 머슬핏 반팔 브이넥 티셔츠	브이넥 디자인이 적당히 깊어 목선을 길어 보이게 해줘요.	목선이 길어 보인다
v_neck	5076746	피지컬가먼츠	P2535 브이넥 메쉬 반팔 [3COLOR]	사이즈가 넉넉해서 편해요, 메쉬 소재가 시원해요.	메쉬 브이넥
v_neck	6221830	디앤에스알	레이어드 브이넥 하프 티셔츠 그레이/레드	레이어드 브이넥 디자인이 예뻐요.	겹쳐 입은 브이넥
v_neck	4763772	에이치덱스	우먼스 스포티 링거 브이넥 숏 슬리브 (White)	브이넥 디자인이 편하고 예뻐요, 소재가 쫀쫀해서 착용감이 좋네요.	링거 브이넥
v_neck	4760137	파르티멘토 우먼	PWC 콘트라스트 바인딩 브이넥 탑_네이비	브이넥 디자인이 깊어서 목이 잘 드러나요.	깊게 파인 쪽
v_neck	4149264	베이직하우스	우먼 브이넥 스판 슬림핏 반팔티셔츠 화이트	브이넥 디자인이 적당히 깊어서 시원해 보여요.	시원해 보이는 깊이
v_neck	4118817	미나브	쿨링부클 브이넥 반팔 니트 [3COLOR]		니트 브이넥
v_neck	4083009	밴웍스	스포티 블록코어 브이넥 반팔 티셔츠 (VS0033) 와인	브이넥 디자인 덕분에 스포티하게 보여요.	스포티한 브이넥
v_neck	4068460	아디다스	3S 브이넥 슬림 티 - 화이트 / IR8114		삼선 브이넥
# embroidery				프린트가 아니라 실로 박은 자수	
embroidery	5087221	요세미티	[2PACK] 아플리케 자수 피그먼트 반팔티	피그먼트 워싱감이 자연스러워요, 자수 디테일이 과하지 않아요.	과하지 않은 자수
embroidery	4032770	데꼬로소	유니섹스 DR 로고 자수 레귤러핏 반팔 티셔츠 [블랙]		로고를 실로
embroidery	2545313	아차	데이지 자수 반팔 _ 블랙		데이지 한 송이
embroidery	6616682	놈브레	시그니처 자수 배색 크롭 티셔츠 [블랙]	자수 디테일이 고급스러워서 어떤 옷과도 잘 어울려요.	고급스러운 자수
embroidery	6384506	아워세이아워	체크 투스타 아플리케 자수 반팔티 화이트	디자인이 귀엽고 체크 패턴의 별 아플리케와 자수 레터링이 포인트가 돼요.	별 아플리케
embroidery	6155573	로라로라	MAISON DE ROLA EMBROIDERY OFF SHOULDER T	오프숄더 디자인이 자연스럽고 과하지 않아서 데일리로 입기 좋아요.	자수에 오프숄더
embroidery	6155565	로라로라	MAISON DE ROLA EMBROIDERY DOT T-SHIRT BL	디자인이 귀여워요.	도트 자수
embroidery	6155564	로라로라	MAISON DE ROLA EMBROIDERY PIGMENT LOOSE 	적당한 오버핏으로 예쁜 핏이에요.	적당한 오버핏
embroidery	5180790	음양	Wild Flowers Embroidery T-shirt (Washed 	자수 디테일이 예쁘고, 빈티지한 워싱감이 돋보여요.	들꽃 자수
# rib_knit				세로로 골이 진 골지 반팔	
rib_knit	6501597	무드인사이드	리브드 머슬 헨리넥 하프티_8Color	신축성이 있어서 입기 편하고 핏을 잘 잡아주는 재질이에요.	핏을 잡아주는 골지
rib_knit	6448421	르아브	와이드 골지 라운드 하프 티셔츠 블랙	핏이 예쁘게 잘 잡혀요.	골이 굵은 쪽
rib_knit	6445179	센테어	[2PACK] 리브드 머슬핏 헨리넥  반팔 티셔츠_4color	핏이 좋고 몸에 잘 감기는 머슬핏이에요.	몸에 감기는 두 장
rib_knit	6381362	블레이어	더블 레이어링 리브드 헨리넥 반팔 티셔츠 [BURGUNDY]	헨리넥 디자인이 스타일을 살려줘요.	겹쳐 놓은 골지
rib_knit	6281827	브렌슨	리브드 크롭 헨리넥 반팔티 ( 4Color )	헨리넥 디자인이 깔끔하고 예뻐요.	크롭까지 골지
rib_knit	6229462	테이크이지	리브드 머슬핏 티셔츠 - 3COLOR	리브드 원단 특유의 세로 골지 패턴이 세련된 느낌을 주고 단독으로 입어도 멋스러워요.	세로 골이 선명하다
rib_knit	6176066	알리스	리브드 스냅 헨리넥 크롭 하프 티셔츠 [블랙]	소재가 부드럽고 얇아서 여름에 입기 좋아요.	얇은 골지
rib_knit	6112151	엑스톤즈	XTT156 투톤 리브드 크롭 링거 티셔츠 (BLACK)	핏이 너무 예쁘고 몸매를 잘 드러내줘요.	투톤 골지 링거
# pastel_tone				채도를 낮춘 파스텔 반팔	
pastel_tone	6146657	비터셀즈	루비 베리 티-라벤더	색감이 너무 예뻐요.	라벤더 한 장
pastel_tone	5995067	바우프	3 logo 도트 슬림핏 티셔츠 [민트 블루]	색감이 쨍하고 예뻐서 얼굴톤을 밝혀줘요.	민트로 얼굴을 밝게
pastel_tone	4790141	파르티멘토 우먼	레이스 펀칭 90s 숏슬리브 티_민트 그레이	색감이 은은하고 민트 그레이 특색이 돋보여요.	은은한 민트 그레이
pastel_tone	4017044	이스케이프프롬	라벤더 스프레이 래빗 프린트 오버핏 반팔티 화이트		흰 바탕에 라벤더
pastel_tone	3753664	무신사 스탠다드 우먼	우먼즈 모달 블렌드 베이식 크루 넥 티셔츠 [파스텔 블루]	모달 소재라 부드럽고 시원한 느낌이에요.	모달 파스텔 블루
pastel_tone	3273453	몬스터리퍼블릭	무브먼트 플라워 라벤더 퍼플 티셔츠 블랙	사이즈가 넉넉하게 나와서 편하게 입기 좋아요.	검정에 라벤더 꽃
pastel_tone	3214285	미나브	소프트코튼 케이블 카라 니트 [파스텔 블루]	파스텔 블루 색감이 예쁘고 착용감이 편해요.	파스텔 카라 니트
pastel_tone	1902503	가까이 유니언즈	스피치 반팔 티셔츠 블랙	색감이 깔끔하고 디자인도 귀여워요.	깔끔한 검정
pastel_tone	1690351	알브이디	무지 모달머슬핏 반팔티 (파스텔블루)	재질이 부드럽고 시원해서 여름에 입기 좋아요.	파스텔 머슬핏
# lettering				그림 없이 글자만으로 가는 티	
lettering	4805894	몰든	레터링 오버핏 티셔츠	오버핏 핏이 너무 좋아요, 몸매 커버도 잘 돼요.	오버핏 레터링
lettering	6257741	제이미웨스트	JWGC 레터링 레귤러 링거 티셔츠 (화이트)	디자인이 레트로 힙스터 감성을 잘 살려줘요.	레트로 힙스터
lettering	6220490	언탭트 스튜디오	유니버스 와일드 레터링 오버핏 반팔 티셔츠 4COLOR	디자인이 유니크하고 그래픽 프린팅이 예뻐요.	유니크한 글자
lettering	6195844	오드스튜디오	킵 트루 타이포 그래픽 레귤러핏 티셔츠 - MELANGE GRAY	핏이 정말 예뻐서 말라보이고 디자인도 유니크해요.	말라 보이는 핏
lettering	6103283	마인드브릿지	[UNS]두굿_레터링 오버핏 링거 반팔 티셔츠 - 2color	디자인이 빈티지하면서도 캐주얼한 느낌을 잘 살려줘요.	빈티지 캐주얼
lettering	5158575	다미쉬	썬앤문 레터링 헨리넥_화이트	레터링 디자인이 힙해요, 색감도 예뻐요.	헨리넥에 레터링
lettering	5115278	후드후드	에일리언 슬로건 반팔티셔츠 멜란지화이트	외계인 프린팅이 귀여워요, 색감도 멜란지로 깔끔해요.	외계인 슬로건
lettering	5081163	밀로 아카이브	타이포 레이어드 티셔츠 [미드나잇 블랙]	색감이 오묘해서 이쁘고 핏도 좋네요.	오묘한 검정
lettering	5078531	헬레네파리스	엔젤 레터링 큐빅 하프 티셔츠 [화이트]	핏이 슬림하고 허리 잘 잡아줘서 날씬해 보이요.	허리를 잡아준다
# pocket_tee				가슴에 주머니 하나 달린 포켓티	
pocket_tee	5167505	노이어	코튼 피그먼트 포켓 티셔츠 (그레이)	색감이 예뻐요, 기장감도 적당해요, 핏이 마음에 들어요.	색까지 맞는 포켓티
pocket_tee	5144075	리우아	[프리미엄 CP20] 포켓 반팔티 (화이트)	포켓 디자인이 깔끔하고 예뻐요.	깔끔한 흰 포켓
pocket_tee	5054296	폴햄	여성) 우븐 아웃포켓 반팔티_PHF2TS2790	포켓 디자인이 실용적이라 유용해요.	실용적인 포켓
pocket_tee	6425818	트릴리온	롤업 원포켓 헨리넥 반팔 티셔츠_4color	재질이 얇고 찰랑거려서 여름에 입기 좋아요.	포켓에 롤업까지
pocket_tee	6236498	드로우핏	헤일 코튼 포켓 하프 티셔츠 [4color]	포켓 디테일이 심플한 디자인에 포인트를 주어서 좋네요.	심플에 포인트 하나
pocket_tee	6149213	이스트코	[2-PACK] 피그먼트 클래식 포켓 티셔츠	포켓 디테일이 심플하게 포인트를 더해줘요.	두 장 다 포켓
pocket_tee	5951649	무신사 스탠다드	[시티 레저] 듀라론 쿨 더블 포켓 티셔츠 [화이트]	포켓 디자인이 실용적이고 스타일 포인트가 되어 만족스러워요.	포켓이 두 개
pocket_tee	5054341	밀로 아카이브	스트라이프 포켓 티셔츠 [빈티지 블루]	소재가 탄탄해요, 착용감이 시원해요.	줄무늬 포켓
# cooling_fabric				원단부터 시원하라고 만든 냉감 반팔	
cooling_fabric	4054146	알브이디	무지 쿨링 와이드숄더 머슬핏 반팔티 (스노우화이트)	핏이 적당하고 몸에 딱 맞는 느낌이에요.	쿨링에 머슬핏
cooling_fabric	6332011	테이크이지	[기획] (2PACK 냉감·쿨링 소재) 소로나 크롭 티셔츠 - 3COLO	소재가 시원하고 탄탄해서 여름에 입기 좋아요.	소로나 크롭 두 장
cooling_fabric	6099849	베이직하우스	UNI 쿨 COOL 메쉬 냉감 통기성 기능성 반팔티셔츠 블랙	냉감 재질이라 여름에 입기 좋아요.	메쉬까지 더한 냉감
cooling_fabric	5970519	매든	에어쿨링 라인드 숏 슬리브	소재가 얇고 시원해요.	얇고 시원하다
cooling_fabric	5252915	젝시믹스	[2PACK] 아이스센트 크롭 숏슬리브 XFK1TS1001	소재가 시원하고 땀이 빨리 마르며 착용감이 좋아요.	땀이 빨리 마른다
cooling_fabric	4885111	더니트컴퍼니	수피마 쿨맥스 스쿱넥 티셔츠 2color	원단이 부드럽고 시원해서 여름에 입기 좋아요.	수피마에 쿨맥스
cooling_fabric	4840624	글리머	[2PACK] 에어쿨링 드라이 기능성 쿨 무지 반팔 티셔츠	원단이 가볍고 땀을 잘 흡수해요.	가벼운 두 장
cooling_fabric	4217237	에프씨엠엠 스포츠	[3PACK] 테크니컬 쿨링 티셔츠	소재가 시원하고 땀 흡수도 잘 돼서 운동할 때 입기 좋아요.	운동용 세 장
# mesh_sheer				구멍이 뚫려 비치는 메쉬·시스루	
mesh_sheer	5076746	피지컬가먼츠	P2535 브이넥 메쉬 반팔 [3COLOR]	사이즈가 넉넉해서 편해요, 메쉬 소재가 시원해요.	넉넉한 메쉬
mesh_sheer	4187011	프리덤	메쉬 럭비 져지 (카키)	메쉬 소재라 통기성이 좋고 여름에 입기 시원해요.	럭비 저지 메쉬
mesh_sheer	4186852	프리덤	로고 코팅 메쉬 롱 슬리브 (블랙)	스타일링이 독특하고 착용감이 편해요.	코팅 로고 메쉬
mesh_sheer	6391406	드릭스	럭비 트랙 오버핏 메시 저지 하프 슬리브_블랙	디자인이 정말 이쁘고 활용도가 높아요.	오버핏 메시
mesh_sheer	6308694	드릭스	럭비 스트라이프 메쉬 저지 하프 슬리브_화이트	메쉬 소재라 통기성이 좋아서 덥거나 습한 날씨에도 쾌적하게 입기 좋아요.	습한 날 쾌적하다
mesh_sheer	6118360	프리덤	올림피아 스몰 로고 올 메쉬 반팔 티셔츠_2color	메쉬 소재라서 통기성이 뛰어나고 시원해요.	전부 메쉬로
mesh_sheer	6099849	베이직하우스	UNI 쿨 COOL 메쉬 냉감 통기성 기능성 반팔티셔츠 블랙	냉감 재질이라 여름에 입기 좋아요.	냉감까지 겸한다
mesh_sheer	5916121	애즈유아	펀칭 언발란스 오프숄더 티 블랙	디자인이 예쁘고 기본 블랙으로 활용하기 좋아요.	펀칭으로 비친다
mesh_sheer	5256015	러닝라이프	언더메쉬 기능성 반팔 티셔츠 (3color)	소재가 부드럽고 통기성이 뛰어나서 여름철에도 시원하게 입을 수 있어요.	안쪽만 메쉬
# color_block				색 두세 개를 면으로 나눠 붙인 배색	
color_block	5089473	언탭트 스튜디오	유니버스 셀 시그니처 오버핏 트랙 반팔 배색 티셔츠 3Color	배색 디자인 덕분에 밋밋하지 않아 스타일리시해요.	밋밋하지 않은 트랙
color_block	4897478	오드스튜디오	ODSD 스포티 컬러블록 오버핏 티셔츠 - DUSTY BLUE	스포티한 디자인이 예뻐요, 색감도 빈티지하고 마음에 들어요.	스포티 컬러블록
color_block	6616682	놈브레	시그니처 자수 배색 크롭 티셔츠 [블랙]	디자인이 깔끔하고 배색 디테일이 세련돼요.	자수까지 얹은 배색
color_block	6497835	브렌슨	컴포트 배색 롤업 크롭 반팔티 ( 4Color )	배색 롤업 디테일이 포인트가 되어 기본 티셔츠임에도 밋밋하지 않아요.	롤업 배색
color_block	6487870	고스트리퍼블릭	크롭 스트라이프 배색 롤업 반팔티 GT-392_블랙	소재가 부드럽고 탄탄해서 착용감이 좋아요.	부드럽고 탄탄하다
color_block	6487865	고스트리퍼블릭	크롭 스트라이프 배색 롤업 헨리넥 반팔티 GT-393_그레이	스트라이프 배색이 포인트가 되어 심심하지 않고 스타일이 살아나요.	심심하지 않다
color_block	6462793	노이즈	배색 롤업 스트라이프 반팔 티셔츠 - 아이보리	디자인과 배색 포인트가 고급스러워서 스타일링하기 좋고, 무난한 바지와 잘 어울려요.	무난한 바지와
color_block	6154808	키뮤어	[크롭] 배색 롤업 크롭 반팔 티셔츠_블랙	핏이 예쁘게 떨어져서 전체적인 실루엣이 좋아요.	실루엣이 산다
color_block	5089500	언탭트 스튜디오	슈팅스타 오버핏 트랙 반팔 배색 티셔츠 3Color	소재가 부드럽고 착용감이 편해요.	별이 박힌 배색
# art_print				명화나 일러스트를 그대로 얹은 티	
art_print	4212134	아르메데스	면 20수 아트그래픽 티셔츠 (1006)	그래픽 인쇄 퀄리티가 매우 좋아요.	인쇄 퀄리티부터
art_print	6471922	디미트리블랙	VTG 피그먼트 아트웍 링거 티셔츠_TYPE 4	디자인이 자연스러운 피그먼트 워싱으로 깊이 있는 색감이 매력적이에요.	워싱된 아트웍
art_print	6471921	디미트리블랙	VTG 피그먼트 아트웍 티셔츠_TYPE 3	색감이 예쁘고 두께감이 있어 간절기나 초여름에 입기 좋아요.	초여름까지 입는 두께
art_print	6219770	언탭트 스튜디오	유니버스 페인팅 브러쉬 아트웍 오버핏 반팔 티셔츠 8COLOR	디자인이 힙한 그래픽 프린팅으로 포인트가 되어 코디하기 좋아요.	붓질을 그대로
art_print	6092155	고스트리퍼블릭	심볼 크랙 아트워크 피그먼트 반팔티 2Color GT-384	소재가 독특하고 땀흡수도 잘 돼요.	갈라진 심볼
art_print	5116332	엘리메노	[2PACK] EL 쿨코튼 아트워크 반팔티 4종 패키지	아트워크 디자인이 감각적이고 포인트가 돼요, 착용감도 시원하고 편해요.	네 장이 한 묶음
art_print	5059669	펜필드	멜란지 스트라이프 자수 아트워크 반팔티 다크블랙_FR2KT79U	자수 디테일이 고급져요, 핏도 편하고 좋아요.	자수로 넣은 아트
art_print	4910635	세터	세터 로고 자수 보야지 반팔 티셔츠 아트 크림	색감이 아트 크림으로 무난하게 어울려요.	크림색에 자수
art_print	4879030	리	브러쉬 페인팅 로고 티셔츠 화이트	브러쉬 페인팅 로고가 눈에 띄어요.	붓으로 쓴 로고
# red_only				빨강 하나로만 이뤄진 반팔	
red_only	5082524	핑크파인애플	DOTTY RIBBON SHIRRING T-SHIRT_RED	색감이 쨍해서 포인트로 입기 좋아요.	포인트로 쨍한 빨강
red_only	6324683	르아르	썸머 스트라이프 반팔 티셔츠 [레드]	레드 컬러 스트라이프 디자인이 과하지 않으면서도 포인트가 돼요.	빨간 줄무늬
red_only	5168590	렌세	Star Patch Slim Fit Ringer Tee Red	색감이 진한 레드라서 부담스럽지 않아요.	진한 빨강 링거
red_only	4981045	더바이닐하우스	COWBOY PICTOGRAM RINGER TEE RED	원단이 탄탄하고 짱짱해서 몸을 감는 느낌이 매우 좋아요.	탄탄하게 감긴다
red_only	4969546	키티포터리	클래식 소프트 딥 스퀘어넥 티셔츠 (레드)	색감이 선명하고 쨍한 레드 컬러가 매력적이에요.	선명한 스퀘어넥
red_only	4680137	후아유	Campus Ringer T-shirt / WHRAG2323F	재질이 탄탄하고 부드러워요.	탄탄한 캠퍼스 링거
red_only	4651561	무신사 스탠다드 우먼	우먼즈 레이어드 헴 슬림 티셔츠 [레드/크림]	색감이 쨍한 레드라 얼굴을 환하게 해줘요.	얼굴이 환해진다
red_only	4011488	엔조 블루스	베이직 캡 슬리브 티셔츠 (Red)	색감이 쨍하고 빨간색이 포인트돼요.	캡소매 빨강
red_only	3945463	앤커버	트윈 리본 크롭 반팔 티셔츠 레드		리본 두 개
# bear_bunny				곰이나 토끼가 박힌 티	
bear_bunny	3349465	라 메종 스튜디오	우먼즈 베어프렌즈 릴렉스 크롭티 블랙핑크(FCC2TS386W)	핏이 적당하고 크롭기장이 편해요.	곰이 있는 크롭
bear_bunny	5213240	드리프트아웃	폴라 갱 베어즈 반팔 티셔츠 (3color)	프린팅이 독특하고 귀여워요.	북극곰 무리
bear_bunny	4214083	바벨웍스	아치베어 오버핏	원단이 도톰해서 몸매를 커보이게 해요.	도톰한 곰
bear_bunny	4197283	바벨웍스	베어바벨 오버핏	핏이 어깨가 넓어보이게 해요, 체형 보완 효과가 있어요.	어깨가 넓어 보인다
bear_bunny	4065609	그레이버	[UNISEX]레인보우 빅 구름 베어스마일 반팔티_화이트		구름 위 곰
bear_bunny	4040917	그레이버	[UNISEX]빅 구름 베어스마일 반팔티_블랙	프린팅이 귀여워서 마음에 들어요.	같은 곰 검정
bear_bunny	4017044	이스케이프프롬	라벤더 스프레이 래빗 프린트 오버핏 반팔티 화이트		곰 말고 토끼
bear_bunny	3999449	더블유브이프로젝트	버니위비 반팔티셔츠 다크그레이 MJST7718	프린팅이 귀여워요, 재질이 탄탄하고 두께도 적당해요.	탄탄한 토끼
bear_bunny	3943024	꼼파뇨	치즈 버니 레글런 피그먼트 반팔티 스모크블랙	프린팅이 예쁘고 디자인이 깔끔해요.	래글런 토끼
# outdoor_brand				산에 안 가도 입는 아웃도어 브랜드 티	
outdoor_brand	6030843	파타고니아	멘즈 캐필린 쿨 데일리 셔츠 - 보드숏 로고 / 45481R5	원단이 얇고 시원해서 여름에 입기 좋아요.	얇은 파타고니아
outdoor_brand	4683740	내셔널지오그래픽	세미오버핏 수피마 반팔 티셔츠 GREY	소재가 얇고 시원해서 여름에 입기 좋아요.	얇고 시원한 회색
outdoor_brand	6146043	지프	[190g] M-Logo 그래픽 반팔 티 (JR5TSU173NA)	네이비 컬러가 예쁘고 깔끔해요.	네이비가 깔끔하다
outdoor_brand	6140206	내셔널지오그래픽	N262UTS903 소로나 쿨 메이즈 세미오버핏 반팔 티셔츠 GREY	원단이 시원하고 가벼워 여름에 입기 좋아요.	소로나로 가볍게
outdoor_brand	6034800	지프	WAVY 트랙 반팔 티셔츠 (JR5TSU131NA)	넉넉한 오버핏인데 어깨가 예쁘게 떨어져서 좋아요.	어깨가 예쁘게 떨어진다
outdoor_brand	5292229	노스페이스	NT7US00K 코튼 반팔 라운드티 BLACK	재질이 부드럽고 편하게 입을 수 있어요.	노스페이스 기본
outdoor_brand	5063390	스노우피크 어패럴	[스노우피크 X 헤르시] 레터링 반팔 티셔츠 (S25MMFTS38) Wh	디자인이 사진과 같고, 스타일이 유니크해요.	유니크한 레터링
outdoor_brand	5002406	스노우피크 어패럴	씬테크 베이직 반팔 티셔츠 (S25MUSTS31) Black	가격이 착해요, 재구매도 고려해요.	값이 착하다
# sports_brand				운동복 브랜드 티인데 운동은 안 할 때	
sports_brand	4863146	뉴발란스	NBNEGCO218 / UNI USA 클래식 반팔티 (L/GRAY)	재질이 탄탄하고 시원해 여름에 입기 좋아요.	탄탄한 클래식
sports_brand	4803082	뉴발란스	NBNEGCO212 / UNI 헤리티지 반팔티 (NAVY)	재질이 부드럽고 탄탄해서 착용감이 좋아요.	부드러운 헤리티지
sports_brand	6518235	아디다스	테리 캘리 티 - 클라우드화이트:블랙 / KW7400	재질이 수건 같아서 흡수력이 좋고 시원해요.	수건 같은 원단
sports_brand	6501227	뉴발란스	NBNFGCA013 / UNI 선 키스드 폴로 반팔티 (BLACK)	핏이 너무 좋아요.	폴로로 한 장
sports_brand	6501109	뉴발란스	NBNEGCA013 / UNI 선 키스드 그래픽 반팔티 (D/CHARCO	가볍고 시원한 재질이에요.	가볍고 시원하다
sports_brand	6425835	아디다스	와플 반팔 저지 - 네이비 / KW7473	원단이 부드럽고 피부에 닿는 촉감이 좋아요.	와플 저지 네이비
sports_brand	6425832	아디다스	와플 3S 티 - 블랙 / KW7444	핏이 여유로워서 편안하게 착용할 수 있어요.	여유로운 삼선
sports_brand	6425831	아디다스	와플 3S 티 - 네이비 / KW7443	네이비 색상이 깔끔하고 세련돼 보여요.	같은 삼선 네이비
# spa_brand				SPA가 올여름 대량으로 민 것	
spa_brand	6165366	스파오	[가나디] 반팔 티셔츠(MIX)_SPRLG25U09	디자인이 귀여워요.	가나디 그대로
spa_brand	6060335	스파오	[코튼스판] 캡소매 절개 반팔티_SPRWG37G01	핏이 예쁘고 허리를 잘 잡아줘요.	허리를 잡아준다
spa_brand	5946495	탑텐	여성 소프트 코튼 립 미니 T 반팔_MSG2TS2905	소재가 부드럽고 편안해요.	부드러운 립
spa_brand	4852001	탑텐	남성) 퀵드라이 슬릿카라 폴로셔츠_MSF2TT1001	가격이 저렴하고 품질이 좋아요.	싼데 품질이 된다
spa_brand	6176038	스파오	(우디) 헤리티지 반팔티_SPRPG25C50	디자인이 귀여워서 구매한 티셔츠에요.	우디가 크게
spa_brand	6154548	탑텐	공용 COOL Air 코튼 크루넥 T 2PACK_MSG5TS3005	재질이 냉감이라 여름에 시원하게 입기 좋아요.	냉감 두 장
spa_brand	6122927	미쏘	카울넥 반팔 티셔츠_MIWHWG91QA/MIWLWG95QA	재질이 부드럽고 착용감이 좋아요.	목이 접힌 카울넥
spa_brand	6086792	스파오	[리락쿠마] 반팔 티셔츠(MIX)_SPRLG25U02	디자인이 너무 귀여워요.	리락쿠마 한 장
# women_online_brand				온라인 여성 브랜드가 먼저 내는 실루엣	
women_online_brand	6021232	아메스 월드와이드	AMES COOL 2PACK TEE	기장감이 적당하고 품이 여유로워서 팔뚝살을 잘 가려줘요.	팔뚝을 가려준다
women_online_brand	5088373	이스케이프프롬	스타 카모 ESCF 로고 콜라주 프린트 슬림핏 반팔티 블랙	핏이 딱 맞고 슬림한 느낌이 좋아요.	슬림하게 딱
women_online_brand	4938948	쏘비	BUBBLE BERRY 세미크롭 반팔티	딸기 프린팅이 귀여워요, 스타일도 예뻐요.	딸기 세미크롭
women_online_brand	4903476	일리고	원숄더 스터드 스트라이프 탑 블랙 아이보리	원숄더 디자인이 예뻐요, 스터드 포인트가 멋져요.	원숄더에 스터드
women_online_brand	4891273	페이지시시	빈티지 블랭크 프린팅 반팔티 화이트	프린팅이 빈티지하고 힙해요, 소재가 부들부들하고 탄탄해요.	빈티지하고 힙하다
women_online_brand	4773435	아메스 월드와이드	VINTAGE STAR TEE CREAM	디자인이 심플하고 예뻐서 어디에나 잘 어울려요.	심플한 크림
women_online_brand	4243978	다이닛	VINTAGE GRAPHIC OVERFIT T-SHIRTS IN WHIT	프린팅 디자인이 깔끔해요, 핏도 예뻐요.	깔끔한 그래픽
women_online_brand	4168261	드로우핏 우먼	퍼프 슬리브 수피마 코튼 반팔 티셔츠 [WHITE]	소재가 탄탄하고 부드러워요, 착용감도 좋고 신축성도 좋아요.	퍼프 소매 수피마
women_online_brand	4117248	다이닛	CRESCENDO GRAPHICS T-SHIRT IN WHITE	적당한 오버핏으로 기본템으로 입기에 깔끔하고 예뻐요.	기본으로 입는 그래픽
# new_arrival_watch				후기는 아직 없는데 사람들이 보고 있는 신상	
new_arrival_watch	6801998	이스케이프프롬	레이스 롤업 스탠다드핏 반팔티 민트		민트에 레이스
new_arrival_watch	6609550	파르티멘토 우먼	오버레이 페플럼 숏슬리브 티_민트 플로럴		페플럼 실루엣
new_arrival_watch	6753245	소흘	Cr Back Knit V-T (클라우드 화이트)		뒤로 판 브이넥
new_arrival_watch	6078900	아스파라거스	멀티 홀 티셔츠_그레이		구멍이 여러 개
new_arrival_watch	6564207	트래블	와플 크롭 반팔티 헤더 그레이		와플 크롭
new_arrival_watch	6929983	쿠톤	[2PACK] 폴라리스 롤업 세미크롭 반팔 티셔츠 3COLOR		롤업 세미크롭 두 장
new_arrival_watch	6564190	트래블	포니 피그먼트 반팔티 고스트 그레이		포니 피그먼트
new_arrival_watch	6850912	어프레쉬	[2PACK] 그래픽 피그먼트 머슬핏 숏슬리브_2color		머슬핏 두 장
new_arrival_watch	6663008	소흘	Mist Off-Shoulder Snap T (차콜)		스냅으로 여는 어깨
# outdoor_new				아웃도어 브랜드가 올여름 통째로 깔아둔 것	
outdoor_new	6446943	살로몬	에불리 자카드 숏 슬리브_LD0087800		자카드 짜임
outdoor_new	6234442	살로몬	그라비에 숏 슬리브_LD0089800		살로몬 기본형
outdoor_new	6696080	살로몬	셰이핑 숏 슬리브_LD0387800		몸선을 잡는 쪽
outdoor_new	6031126	파타고니아	멘즈 캐필린 쿨 데일리 셔츠 - 스트라타스파이어 / 45479R5		패턴 들어간 캐필린
outdoor_new	6899426	살로몬	펄스웨이브 숏 슬리브_LD0415400		물결 패턴
outdoor_new	6029391	파타고니아	우먼즈 트레일 하버 티 / 42060R5		여성 트레일용
outdoor_new	6234479	살로몬	옵티멀 에어벤트 숏슬리브_LD0040500		통풍구가 있다
outdoor_new	6029795	파타고니아	멘즈 리페어 샵 티셔츠 / 37844R5		수선집 그래픽
outdoor_new	6446945	살로몬	에불리 자카드 숏 슬리브_LD0087600		같은 자카드 다른 색
# women_online_new				온라인 여성 브랜드가 이번 시즌 새로 낸 것	
women_online_new	6608003	쏘비	WS~ 오버핏 반팔티		오버핏 한 장
women_online_new	6778715	아메스 월드와이드	PPG SHOOTING STAR TEE WHITE		별똥별 흰 티
women_online_new	6778754	아메스 월드와이드	PPG ADVENTURE TEE CHARCOAL		차콜 어드벤처
women_online_new	6778769	아메스 월드와이드	PPG VINTAGE CARTOON TEE WHITE		빈티지 카툰
women_online_new	6455158	일리고	스트라이프 셔링 카라 티 버건디		카라에 셔링
women_online_new	6778752	아메스 월드와이드	PPG HEART CHERRY TEE PINK		핑크에 체리
women_online_new	6778766	아메스 월드와이드	PPG VINTAGE CARTOON TEE LIGHT GREY		같은 카툰 연회색
women_online_new	6778758	아메스 월드와이드	PPG ADVENTURE TEE WHITE		흰 어드벤처
